,Train-R2,Test-R2,Train-MAE,Test-MAE,Train-RMSE,Test-RMSE
LinearRegression,0.7608140381977053,0.757233805253584,7.728069251697884,7.922968854091848,10.07518508194501,10.255504889850902
Ridge,0.7608133154125947,0.757218437072438,7.726980470727772,7.922212808741701,10.075200304803845,10.255829494276998
Lasso,0.7608139722276525,0.7572338738643114,7.7285996762543645,7.923504872928595,10.075186471366953,10.255503440642334
ElasticNet,0.7128166225496716,0.7098849192749901,8.756962544303708,8.938896669179005,11.039892359237093,11.2110965555118
DecisionTree,0.8405794409533149,0.8431657012706718,5.836335966123415,5.887802220330632,8.22540618671993,8.242965149849143
