,Train-R2,Test-R2,Train-MAE,Test-MAE,Train-RMSE,Test-RMSE
LinearRegression,0.7693440189495326,0.7677101252229822,7.451525846070611,7.627688416849614,9.893900760035683,10.031781872890734
Ridge,0.7693440189060985,0.7677100150979351,7.451514422379635,7.627679441133488,9.893900760967227,10.031784250846986
Lasso,0.769335990267549,0.7676668946498333,7.458298189489089,7.63464527152239,9.894072952170454,10.03271531758941
ElasticNet,0.7280361126575909,0.7260976066286984,8.320461248093094,8.491136032258702,10.743376843726503,10.893334862543202
DecisionTree,0.8486966707443068,0.8330208593341712,5.639453508186429,6.090139727612162,8.013263644930458,8.505386458048665
