,Train-R2,Test-R2,Train-MAE,Test-MAE,Train-RMSE,Test-RMSE
LinearRegression,0.3472141616569805,0.3332718732313158,11.972146151049984,12.2476585667711,16.644492265084466,16.995632391789083
Ridge,0.3472140242166214,0.3332713353972394,11.972859676568282,12.248372962928764,16.64449401728614,16.995639246778428
Lasso,0.34721026945816846,0.3332905683426882,11.975790411006827,12.251101837633549,16.644541885934558,16.99539411065543
ElasticNet,0.15359068105364437,0.14367756054069303,15.001133067795326,15.323939159794488,18.952888503396068,19.261122920998478
DecisionTree,0.6307096045741731,0.3365433929376819,8.34708375594678,11.316570229050372,12.518987214209778,16.953883799892232
