,Train-R2,Test-R2,Train-MAE,Test-MAE,Train-RMSE,Test-RMSE
LinearRegression,0.7670255663540806,0.7642183766827121,7.5100998821735585,7.687291975695527,9.943501003761087,10.10689880211118
Ridge,0.7670255656558203,0.7642178980144039,7.510047088843535,7.687250749473418,9.943501018662191,10.106909061285808
Lasso,0.7670060844224859,0.7642182773352173,7.518225920463308,7.695427748173153,9.943916745852807,10.106900931401317
ElasticNet,0.6392618446287054,0.6349997128609415,9.089388882916081,9.3232066545253,12.373177116009519,12.575044876163616
DecisionTree,0.8391895781748753,0.8316805001172084,5.854831307592291,6.118477121323057,8.261183808275526,8.539455044853067
